<?xml version="1.0" encoding="UTF-8"?>
<assessmentItem xmlns="http://www.imsglobal.org/xsd/imsqti_v2p1"
    xmlns:xsi="http://www.w3.org/2001/XMLSchema-instance"
    xmlns:xi="http://www.w3.org/2001/XInclude"
    xsi:schemaLocation="http://www.imsglobal.org/xsd/imsqti_v2p1 imsqti_v2p1.xsd"
    identifier="ghfrench-01-vaux" title="French Auxilliary Verbs" adaptive="false" timeDependent="false">
 <responseDeclaration identifier="RESPONSE" cardinality="multiple" baseType="identifier">
        <correctResponse>
            <value>B</value>
            <value>F</value>
            
        </correctResponse>
        <mapping lowerBound="0" upperBound="2" defaultValue="-2">
            <mapEntry mapKey="B" mappedValue="1"/>
            <mapEntry mapKey="F" mappedValue="1"/>
         </mapping>
    </responseDeclaration>
    <outcomeDeclaration identifier="SCORE" cardinality="single" baseType="float">
	          <defaultValue>
	              <value>0</value>
	          </defaultValue>
     </outcomeDeclaration>
    <outcomeDeclaration identifier="FEEDBACK" cardinality="single" baseType="identifier"/>
    <itemBody>
        <choiceInteraction responseIdentifier="RESPONSE" shuffle="true" maxChoices="0">
            <prompt>Tick the box against the auxilliary verbs.<br /> 
            You will not get the answer right if you tick any that are not auxilliary.
         	</prompt>
            <simpleChoice identifier="A" fixed="false">donner</simpleChoice>
            <simpleChoice identifier="B" fixed="false">avoir</simpleChoice>
            <simpleChoice identifier="C" fixed="false">finir</simpleChoice>
            <simpleChoice identifier="D" fixed="false">vendre</simpleChoice>
        	<simpleChoice identifier="E" fixed="false">acheter</simpleChoice>
            <simpleChoice identifier="F" fixed="false">être</simpleChoice>
            <simpleChoice identifier="G" fixed="false"> manger</simpleChoice>
        </choiceInteraction>
              
    </itemBody>
    <responseProcessing>
    <responseCondition>
        <responseIf>
            <isNull>
                <variable identifier="RESPONSE"/>
            </isNull>
            <setOutcomeValue identifier="SCORE">
                <baseValue baseType="float">0.0</baseValue>
            </setOutcomeValue>
        </responseIf>
        <responseElse>
            <setOutcomeValue identifier="SCORE">
                <mapResponse identifier="RESPONSE"/>
            </setOutcomeValue>
        </responseElse>
    </responseCondition>
    <responseCondition>
	      <responseIf>
	        <equal toleranceMode = "exact">
	        		<variable identifier="SCORE"/>
	        		<baseValue baseType="float">2.0</baseValue>
	        </equal>
	         <setOutcomeValue identifier="FEEDBACK">
	              <baseValue baseType="identifier">BOTHCORRECT</baseValue>
	   	 	</setOutcomeValue>
	   	</responseIf>
	   	<responseElseIf>
	        	<equal toleranceMode = "exact">
	        		<variable identifier="SCORE"/>
	        		<baseValue baseType="float">1.0</baseValue>
	        	</equal>
	         <setOutcomeValue identifier="FEEDBACK">
	              <baseValue baseType="identifier">ONECORRECT</baseValue>
	   	 	</setOutcomeValue>      	
	   	    </responseElseIf>
	   	    <responseElse>
	   	 	<setOutcomeValue identifier="FEEDBACK">
	                      	<baseValue baseType="identifier">WRONG</baseValue>
	   		</setOutcomeValue>
	   	   </responseElse>
   	</responseCondition>
</responseProcessing>   
		<modalFeedback outcomeIdentifier="FEEDBACK" identifier="BOTHCORRECT" showHide="show">
	   	Yes, you have identified both of them.</modalFeedback>
	   <modalFeedback outcomeIdentifier="FEEDBACK" identifier="ONECORRECT" showHide="show">
	   	You have identified one, but not all.</modalFeedback>
	   <modalFeedback outcomeIdentifier="FEEDBACK" identifier="WRONG" showHide="show">
	   	No, that is not right.</modalFeedback>
	   
</assessmentItem>
