<?xml version="1.0" encoding="UTF-8"?>
<manifest xmlns="http://www.imsglobal.org/xsd/imscp_v1p1"
	xmlns:imsmd="http://www.imsglobal.org/xsd/imsmd_v1p2"
	xmlns:xsi="http://www.w3.org/2001/XMLSchema-instance"
	xmlns:imsqti="http://www.imsglobal.org/xsd/imsqti_v2p1"
	identifier="2070654d-bcc9-4f35-9e21-d915c53020c4" 
	xsi:schemaLocation="http://www.imsglobal.org/xsd/imscp_v1p1 http://www.imsglobal.org/xsd/imscp_v1p2.xsd 
http://www.imsglobal.org/xsd/imsmd_v1p2 http://www.imsglobal.org/xsd/imsmd_v1p2p4.xsd http://www.imsglobal.org/xsd/imsqti_v2p1 http://www.imsglobal.org/xsd/imsqti_v2p1.xsd">
	
	<resources>
		<resource identifier="JAssessTest-1-1-1-0" 
			type="imsqti_test_xmlv2p1"
	 		href="ghfrenchtest01a.xml">
			<file href="ghfrenchtest01a.xml"/>
			<dependency identifierref="JAssessTest-1-1-1-1"/>
			<dependency identifierref="JAssessTest-1-1-1-2"/>
			<dependency identifierref="JAssessTest-1-1-1-3"/>
			<dependency identifierref="JAssessTest-1-1-1-4"/>
			<dependency identifierref="JAssessTest-1-1-1-5"/>
			<dependency identifierref="JAssessTest-1-1-1-6"/>
			<dependency identifierref="JAssessTest-1-1-1-7"/>
			<dependency identifierref="JAssessTest-1-1-1-8"/>
			<dependency identifierref="JAssessTest-1-1-1-9"/>
			<dependency identifierref="JAssessTest-1-1-1-10"/>
			<dependency identifierref="JAssessTest-1-1-1-11"/>
			<dependency identifierref="JAssessTest-1-1-1-12"/>
			<dependency identifierref="JAssessTest-1-1-1-13"/>
			<dependency identifierref="JAssessTest-1-1-1-14"/>
			<dependency identifierref="JAssessTest-1-1-1-15"/>
			<dependency identifierref="JAssessTest-1-1-1-16"/>
			<dependency identifierref="JAssessTest-1-1-1-17"/>
			<dependency identifierref="JAssessTest-1-1-1-18"/>
			<dependency identifierref="JAssessTest-1-1-1-19"/>
		</resource>

		<resource identifier="JAssessTest-1-1-1-1" 
			type="imsqti_item_xmlv2p1"
			 href="ghfrench-01-01.xml">
			<file href="ghfrench-01-01.xml"/>
		</resource>
		
		<resource identifier="JAssessTest-1-1-1-2" 
			type="imsqti_item_xmlv2p1"
			 href="ghfrench-01-erpt.xml">
			<file href="ghfrench-01-erpt.xml"/>
		</resource>
		
		<resource identifier="JAssessTest-1-1-1-3" 
			type="imsqti_item_xmlv2p1"
			 href="ghfrench-01-rept.xml">
			<file href="ghfrench-01-erpt.xml"/>
		</resource>
		
		<resource identifier="JAssessTest-1-1-1-4" 
			type="imsqti_item_xmlv2p1"
			 href="ghfrench-01-vaux.xml">
			<file href="ghfrench-01-vaux.xml"/>
		</resource>
		
		<resource identifier="JAssessTest-1-1-1-5" 
			type="imsqti_item_xmlv2p1"
			href="ghfrench-01-vaux1rem.xml">
			<file href="ghfrench-01-vaux1rem.xml"/>
		</resource>
		
		<resource identifier="JAssessTest-1-1-1-6" 
			type="imsqti_item_xmlv2p1"
			 href="ghfrench-01-vaux2rem.xml">
			<file href="ghfrench-01-vaux2rem.xml"/>
		</resource>
		
		<resource identifier="JAssessTest-1-1-1-7" 
			type="imsqti_item_xmlv2p1"
			 href="ghfrench-01-vauxp1.xml">
			<file href="ghfrench-01-vauxp1.xml"/>
		</resource>
		
		<resource identifier="JAssessTest-1-1-1-8" 
			type="imsqti_item_xmlv2p1"
			 href="ghfrench-01-vauxp2.xml">
			<file href="ghfrench-01-vauxp2.xml"/>
		</resource>
		
		<resource identifier="JAssessTest-1-1-1-9" 
			type="imsqti_item_xmlv2p1"
			 href="ghfrench-01-vauxpt1.xml">
			<file href="ghfrench-01-vauxpt1.xml"/>
		</resource>
		
		<resource identifier="JAssessTest-1-1-1-10" 
			type="imsqti_item_xmlv2p1"
			 href="ghfrench-01-vauxpt2.xml">
			<file href="ghfrench-01-vauxpt2.xml"/>
		</resource>
		
		<resource identifier="JAssessTest-1-1-1-11" 
			type="imsqti_item_xmlv2p1"
			 href="ghfrench-01-verp1.xml">
			<file href="ghfrench-01-verp1.xml"/>
		</resource>
		
		<resource identifier="JAssessTest-1-1-1-12" 
			type="imsqti_item_xmlv2p1"
			 href="ghfrench-01-verp2.xml">
			<file href="ghfrench-01-verp2.xml"/>
		</resource>
		
		<resource identifier="JAssessTest-1-1-1-13" 
			type="imsqti_item_xmlv2p1"
			 href="ghfrench-01-verprem.xml">
			<file href="ghfrench-01-verprem.xml"/>
		</resource>
		
		<resource identifier="JAssessTest-1-1-1-14" 
			type="imsqti_item_xmlv2p1"
			 href="ghfrench-01-virp1.xml">
			<file href="ghfrench-01-virp1.xml"/>
		</resource>
		
		<resource identifier="JAssessTest-1-1-1-15" 
			type="imsqti_item_xmlv2p1"
			 href="ghfrench-01-virp2.xml">
			<file href="ghfrench-01-virp2.xml"/>
		</resource>
		
		<resource identifier="JAssessTest-1-1-1-16" 
			type="imsqti_item_xmlv2p1"
			 href="ghfrench-01-virprem.xml">
			<file href="ghfrench-01-virprem.xml"/>
		</resource>
		
		<resource identifier="JAssessTest-1-1-1-17" 
			type="imsqti_item_xmlv2p1"
			href="ghfrench-01-vrep1.xml">
			<file href="ghfrench-01-vrep1.xml"/>	
		</resource>
		
		<resource identifier="JAssessTest-1-1-1-18" 
			type="imsqti_item_xmlv2p1"
			href="ghfrench-01-vrep2.xml">
			<file href="ghfrench-01-vrep2.xml"/>
		</resource>
		
		<resource identifier="JAssessTest-1-1-1-19" 
			type="imsqti_item_xmlv2p1"
			href="ghfrench-01-vreprem.xml">
			<file href="ghfrench-01-vreprem.xml"/>
		</resource>
		
		
	</resources>
</manifest>
